cell0,AC
cell1,AC
cell2,AC
cell3,AC
cell4,AC
cell5,EX3
cell6,AC
cell7,AC
cell8,AC
cell9,AC
cell10,AC
cell11,AC
cell12,AC
cell13,AC
cell14,IN2
cell15,AC
cell16,AC
cell17,AC
cell18,AC
cell19,AC
cell20,AC
cell21,AC
cell22,AC
cell23,AC
cell24,AC
cell25,AC
cell26,AC
cell27,AC
cell28,AC
cell29,AC
cell30,AC
cell31,AC
cell32,AC
cell33,AC
cell34,AC
cell35,AC
cell36,IN2
cell37,AC
cell38,AC
cell39,AC
cell40,AC
cell41,AC
cell42,AC
cell43,AC
cell44,AC
cell45,AC
cell46,AC
cell47,AC
cell48,AC
cell49,AC
cell50,AC
cell51,AC
cell52,AC
cell53,AC
cell54,AC
cell55,AC
cell56,AC
cell57,AC
cell58,AC
cell59,AC
cell60,AC
cell61,AC
cell62,AC
cell63,AC
cell64,AC
cell65,AC
cell66,AC
cell67,AC
cell68,AC
cell69,AC
cell70,AC
cell71,AC
cell72,AC
cell73,AC
cell74,AC
cell75,AC
cell76,EX3
cell77,AC
cell78,AC
cell79,AC
cell80,AC
cell81,AC
cell82,AC
cell83,AC
cell84,AC
cell85,AC
cell86,OC
cell87,AC
cell88,AC
cell89,AC
cell90,AC
cell91,AC
cell92,AC
cell93,OC
cell94,AC
cell95,AC
cell96,AC
cell97,AC
cell98,AC
cell99,AC
cell100,AC
cell101,AC
cell102,AC
cell103,AC
cell104,AC
cell105,AC
cell106,AC
cell107,AC
cell108,IN2
cell109,AC
cell110,AC
cell111,AC
cell112,AC
cell113,AC
cell114,AC
cell115,AC
cell116,AC
cell117,AC
cell118,AC
cell119,AC
cell120,EX1
cell121,EX1
cell122,EX1
cell123,EX2
cell124,EX1
cell125,EX1
cell126,EX3
cell127,EX1
cell128,EX3
cell129,EX1
cell130,EX1
cell131,EX1
cell132,EX1
cell133,EX1
cell134,EX2
cell135,EX1
cell136,EX3
cell137,EX1
cell138,EX1
cell139,EX1
cell140,EX1
cell141,EX1
cell142,EX1
cell143,EX1
cell144,EX2
cell145,EX1
cell146,EX1
cell147,EX1
cell148,EX1
cell149,EX1
cell150,EX1
cell151,EX1
cell152,EX2
cell153,EX1
cell154,EX3
cell155,EX1
cell156,EX3
cell157,EX1
cell158,EX3
cell159,EX1
cell160,EX1
cell161,EX1
cell162,EX1
cell163,OC
cell164,EX1
cell165,EX1
cell166,EX1
cell167,EX1
cell168,EX1
cell169,EX1
cell170,EX1
cell171,EX1
cell172,EX1
cell173,EX1
cell174,EX1
cell175,EX3
cell176,EX1
cell177,EX3
cell178,EX1
cell179,EX1
cell180,EX1
cell181,EX1
cell182,EX2
cell183,EX1
cell184,EX3
cell185,EX1
cell186,EX2
cell187,EX1
cell188,EX1
cell189,EX3
cell190,EX1
cell191,EX1
cell192,EX2
cell193,MG
cell194,EX2
cell195,EX2
cell196,EX2
cell197,EX1
cell198,EX3
cell199,EX1
cell200,EX1
cell201,EX3
cell202,EX1
cell203,EX3
cell204,EX2
cell205,EX3
cell206,EX1
cell207,EX1
cell208,EX2
cell209,EX1
cell210,EX1
cell211,EX1
cell212,EX1
cell213,EX1
cell214,IN1
cell215,EX2
cell216,EX2
cell217,EX1
cell218,EX1
cell219,EX3
cell220,EX1
cell221,EX2
cell222,EX1
cell223,EX1
cell224,EX1
cell225,EX1
cell226,EX1
cell227,EX1
cell228,EX1
cell229,MG
cell230,EX1
cell231,EX1
cell232,EX1
cell233,EX2
cell234,EX1
cell235,EX1
cell236,EX3
cell237,EX2
cell238,EX1
cell239,EX1
cell240,EX1
cell241,EX3
cell242,EX1
cell243,EX1
cell244,EX1
cell245,EX3
cell246,EX3
cell247,EX2
cell248,EX2
cell249,EX1
cell250,EX1
cell251,EX3
cell252,EX1
cell253,EX3
cell254,EX3
cell255,EX1
cell256,EX1
cell257,EX3
cell258,EX1
cell259,EX3
cell260,EX1
cell261,EX1
cell262,EX3
cell263,EX1
cell264,EX2
cell265,EX1
cell266,EX1
cell267,EX1
cell268,EX1
cell269,EX2
cell270,EX3
cell271,EX2
cell272,EX1
cell273,EX3
cell274,EX1
cell275,EX1
cell276,EX1
cell277,EX3
cell278,EX1
cell279,EX1
cell280,EX3
cell281,EX1
cell282,EX3
cell283,EX1
cell284,EX1
cell285,EX1
cell286,EX1
cell287,EX1
cell288,EX1
cell289,EX1
cell290,EX1
cell291,EX2
cell292,EX1
cell293,EX1
cell294,EX1
cell295,EX1
cell296,EX1
cell297,EX3
cell298,EX1
cell299,EX1
cell300,EX1
cell301,EX3
cell302,EX1
cell303,EX1
cell304,EX1
cell305,EX1
cell306,EX3
cell307,EX1
cell308,EX1
cell309,EX1
cell310,EX2
cell311,EX2
cell312,EX1
cell313,EX2
cell314,EX3
cell315,EX2
cell316,EX3
cell317,EX1
cell318,EX3
cell319,EX2
cell320,EX2
cell321,EX1
cell322,EX2
cell323,EX2
cell324,EX2
cell325,IN1
cell326,EX2
cell327,EX2
cell328,EX2
cell329,EX3
cell330,EX2
cell331,EX1
cell332,EX3
cell333,EX2
cell334,EX3
cell335,EX2
cell336,IN2
cell337,EX1
cell338,EX2
cell339,EX1
cell340,EX2
cell341,EX2
cell342,EX2
cell343,EX1
cell344,EX3
cell345,EX2
cell346,EX2
cell347,EX2
cell348,EX2
cell349,EX1
cell350,IN1
cell351,EX2
cell352,EX2
cell353,EX2
cell354,EX2
cell355,EX1
cell356,EX2
cell357,EX2
cell358,EX1
cell359,EX2
cell360,EX3
cell361,EX3
cell362,EX2
cell363,EX2
cell364,EX2
cell365,EX2
cell366,EX3
cell367,IN2
cell368,EX1
cell369,EX2
cell370,EX2
cell371,EX2
cell372,EX2
cell373,EX2
cell374,EX2
cell375,EX2
cell376,EX2
cell377,EX2
cell378,EX2
cell379,EX2
cell380,EX2
cell381,EX1
cell382,EX2
cell383,EX2
cell384,EX2
cell385,EX2
cell386,EX1
cell387,EX2
cell388,EX2
cell389,EX1
cell390,EX1
cell391,EX2
cell392,EX2
cell393,EX2
cell394,EX2
cell395,EX1
cell396,EX2
cell397,IN1
cell398,EX2
cell399,EX1
cell400,EX1
cell401,EX3
cell402,EX2
cell403,EX1
cell404,EX2
cell405,EX2
cell406,EX2
cell407,EX2
cell408,EX2
cell409,EX3
cell410,EX2
cell411,EX3
cell412,EX2
cell413,EX2
cell414,EX1
cell415,EX3
cell416,EX2
cell417,EX2
cell418,EX3
cell419,EX2
cell420,EX1
cell421,EX2
cell422,EX2
cell423,EX2
cell424,EX2
cell425,EX1
cell426,EX3
cell427,EX2
cell428,EX2
cell429,EX2
cell430,EX2
cell431,EX2
cell432,EX1
cell433,IN1
cell434,EX2
cell435,EX2
cell436,EX2
cell437,EX2
cell438,EX1
cell439,EX1
cell440,EX3
cell441,EX2
cell442,EX2
cell443,EX2
cell444,EX2
cell445,EX2
cell446,EX2
cell447,EX2
cell448,EX2
cell449,EX2
cell450,EX3
cell451,EX2
cell452,EX2
cell453,EX1
cell454,EX2
cell455,EX2
cell456,EX2
cell457,EX2
cell458,EX2
cell459,EX2
cell460,EX2
cell461,EX3
cell462,EX2
cell463,EX2
cell464,EX1
cell465,EX3
cell466,EX2
cell467,EX2
cell468,EX2
cell469,EX3
cell470,EX2
cell471,EX1
cell472,EX2
cell473,EX3
cell474,EX2
cell475,EX2
cell476,EX2
cell477,EX2
cell478,EX2
cell479,OC
cell480,EX2
cell481,EX3
cell482,EX1
cell483,EX2
cell484,EX2
cell485,EX2
cell486,EX2
cell487,EX3
cell488,EX3
cell489,EX3
cell490,EX3
cell491,EX2
cell492,EX2
cell493,EX2
cell494,EX2
cell495,EX2
cell496,EX2
cell497,EX2
cell498,EX3
cell499,EX2
cell500,EX1
cell501,EX2
cell502,EX1
cell503,EX2
cell504,EX2
cell505,EX2
cell506,EX2
cell507,EX2
cell508,EX2
cell509,EX2
cell510,EX2
cell511,EX2
cell512,EX2
cell513,EX2
cell514,EX2
cell515,EX1
cell516,EX2
cell517,EX3
cell518,EX2
cell519,EX2
cell520,EX2
cell521,EX2
cell522,EX2
cell523,EX2
cell524,EX2
cell525,EX1
cell526,EX2
cell527,EX2
cell528,EX2
cell529,EX2
cell530,EX2
cell531,EX2
cell532,EX2
cell533,EX1
cell534,EX3
cell535,EX3
cell536,EX2
cell537,EX2
cell538,EX2
cell539,EX1
cell540,EX2
cell541,EX2
cell542,EX2
cell543,EX2
cell544,EX2
cell545,EX2
cell546,EX2
cell547,EX2
cell548,EX2
cell549,EX3
cell550,EX1
cell551,EX2
cell552,EX2
cell553,EX2
cell554,EX2
cell555,EX2
cell556,OC
cell557,EX1
cell558,EX3
cell559,EX2
cell560,EX3
cell561,IN2
cell562,EX3
cell563,EX2
cell564,EX2
cell565,EX2
cell566,IN1
cell567,IN1
cell568,EX2
cell569,EX3
cell570,EX2
cell571,EX2
cell572,EX2
cell573,EX2
cell574,EX2
cell575,EX2
cell576,EX3
cell577,EX2
cell578,EX2
cell579,EX2
cell580,EX2
cell581,EX2
cell582,EX2
cell583,EX2
cell584,EX2
cell585,EX2
cell586,EX2
cell587,EX2
cell588,EX2
cell589,IN1
cell590,EX2
cell591,EX2
cell592,EX2
cell593,EX3
cell594,EX2
cell595,EX2
cell596,EX1
cell597,EX2
cell598,EX3
cell599,EX2
cell600,EX2
cell601,EX2
cell602,EX2
cell603,IN1
cell604,EX2
cell605,EX1
cell606,EX2
cell607,EX2
cell608,EX2
cell609,EX2
cell610,EX2
cell611,EX3
cell612,EX2
cell613,EX2
cell614,EX3
cell615,EX2
cell616,EX1
cell617,EX2
cell618,IN1
cell619,EX2
cell620,EX2
cell621,EX2
cell622,EX3
cell623,EX1
cell624,EX2
cell625,EX2
cell626,EX2
cell627,EX2
cell628,EX2
cell629,EX2
cell630,EX2
cell631,EX2
cell632,EX1
cell633,EX2
cell634,EX1
cell635,EX2
cell636,EX2
cell637,EX2
cell638,EX2
cell639,EX1
cell640,EX2
cell641,EX2
cell642,EX2
cell643,EX2
cell644,EX2
cell645,EX2
cell646,EX2
cell647,EX2
cell648,EX2
cell649,EX2
cell650,EX2
cell651,EX2
cell652,EX2
cell653,EX2
cell654,EX1
cell655,EX1
cell656,EX1
cell657,EX2
cell658,EX2
cell659,EX1
cell660,EX1
cell661,EX2
cell662,EX2
cell663,EX2
cell664,EX2
cell665,EX2
cell666,EX2
cell667,EX2
cell668,EX1
cell669,EX2
cell670,EX2
cell671,EX3
cell672,EX2
cell673,EX2
cell674,EX2
cell675,EX2
cell676,EX2
cell677,EX3
cell678,EX1
cell679,EX2
cell680,EX3
cell681,EX2
cell682,EX3
cell683,EX2
cell684,EX3
cell685,EX1
cell686,EX3
cell687,EX3
cell688,EX2
cell689,EX2
cell690,EX3
cell691,EX3
cell692,EX3
cell693,EX2
cell694,EX2
cell695,EX2
cell696,EX3
cell697,EX3
cell698,EX3
cell699,EX2
cell700,EX1
cell701,EX3
cell702,EX1
cell703,EX1
cell704,EX3
cell705,EX3
cell706,EX3
cell707,EX1
cell708,EX3
cell709,EX3
cell710,EX1
cell711,EX1
cell712,EX2
cell713,EX2
cell714,EX3
cell715,IN2
cell716,EX1
cell717,EX1
cell718,EX2
cell719,EX3
cell720,EX1
cell721,EX2
cell722,EX1
cell723,EX3
cell724,IN1
cell725,EX1
cell726,EX3
cell727,EX3
cell728,EX2
cell729,EX1
cell730,EX2
cell731,EX3
cell732,EX3
cell733,EX3
cell734,EX3
cell735,EX3
cell736,EX3
cell737,EX3
cell738,EX3
cell739,EX3
cell740,EX3
cell741,EX3
cell742,EX2
cell743,EX3
cell744,EX3
cell745,EX3
cell746,EX3
cell747,EX3
cell748,EX1
cell749,EX2
cell750,EX3
cell751,EX3
cell752,EX3
cell753,EX1
cell754,EX3
cell755,EX3
cell756,EX1
cell757,EX3
cell758,EX3
cell759,EX3
cell760,EX1
cell761,EX3
cell762,EX3
cell763,EX3
cell764,EX1
cell765,EX3
cell766,EX2
cell767,EX3
cell768,EX2
cell769,EX3
cell770,EX2
cell771,EX3
cell772,EX3
cell773,EX3
cell774,EX3
cell775,EX3
cell776,EX1
cell777,EX3
cell778,EX2
cell779,EX2
cell780,EX1
cell781,EX3
cell782,EX3
cell783,EX1
cell784,EX3
cell785,EX3
cell786,EX2
cell787,EX2
cell788,EX3
cell789,EX3
cell790,EX1
cell791,EX3
cell792,EX3
cell793,EX3
cell794,EX3
cell795,EX3
cell796,EX1
cell797,EX3
cell798,EX1
cell799,EX3
cell800,EX2
cell801,EX3
cell802,EX1
cell803,EX3
cell804,EX3
cell805,EX3
cell806,EX3
cell807,EX3
cell808,EX3
cell809,EX3
cell810,EX3
cell811,EX1
cell812,EX2
cell813,EX3
cell814,AC
cell815,EX3
cell816,EX3
cell817,EX3
cell818,EX3
cell819,EX1
cell820,EX3
cell821,EX2
cell822,EX3
cell823,EX3
cell824,EX3
cell825,EX3
cell826,EX2
cell827,EX3
cell828,EX3
cell829,EX3
cell830,EX3
cell831,EX2
cell832,EX3
cell833,EX1
cell834,EX3
cell835,EX1
cell836,EX3
cell837,EX3
cell838,EX3
cell839,EX3
cell840,EX1
cell841,MG
cell842,EX3
cell843,EX3
cell844,EX3
cell845,OC
cell846,EX3
cell847,EX1
cell848,EX3
cell849,EX3
cell850,EX1
cell851,EX3
cell852,EX3
cell853,EX3
cell854,EX3
cell855,EX1
cell856,EX3
cell857,EX1
cell858,EX3
cell859,EX3
cell860,EX3
cell861,EX3
cell862,EX3
cell863,EX3
cell864,EX3
cell865,EX3
cell866,EX1
cell867,EX3
cell868,EX3
cell869,EX3
cell870,EX3
cell871,EX3
cell872,EX3
cell873,EX3
cell874,EX3
cell875,EX3
cell876,EX3
cell877,EX3
cell878,EX2
cell879,EX1
cell880,EX3
cell881,EX3
cell882,EX3
cell883,EX1
cell884,EX1
cell885,EX3
cell886,IN2
cell887,EX3
cell888,EX2
cell889,EX3
cell890,EX2
cell891,EX3
cell892,EX3
cell893,EX3
cell894,EX3
cell895,EX3
cell896,EX3
cell897,EX3
cell898,EX3
cell899,EX3
cell900,EX3
cell901,EX3
cell902,EX3
cell903,EX3
cell904,EX2
cell905,EX2
cell906,EX1
cell907,EX1
cell908,EX2
cell909,EX3
cell910,EX2
cell911,EX3
cell912,EX3
cell913,EX3
cell914,EX2
cell915,EX3
cell916,EX3
cell917,EX1
cell918,EX1
cell919,EX1
cell920,EX3
cell921,EX3
cell922,EX3
cell923,EX3
cell924,EX3
cell925,EX3
cell926,EX1
cell927,EX3
cell928,EX3
cell929,EX3
cell930,EX3
cell931,OC
cell932,EX1
cell933,EX3
cell934,EX2
cell935,EX3
cell936,EX3
cell937,EX3
cell938,EX1
cell939,EX2
cell940,EX3
cell941,EX1
cell942,EX3
cell943,EX3
cell944,EX3
cell945,EX3
cell946,EX1
cell947,EX3
cell948,EX2
cell949,EX1
cell950,EX3
cell951,EX3
cell952,EX3
cell953,EX3
cell954,EX3
cell955,EX2
cell956,EX1
cell957,EX3
cell958,EX1
cell959,EX1
cell960,EX1
cell961,EX1
cell962,EX3
cell963,EX3
cell964,EX3
cell965,EX3
cell966,EX3
cell967,EX3
cell968,EX2
cell969,EX3
cell970,EX3
cell971,EX3
cell972,EX3
cell973,EX3
cell974,EX2
cell975,EX2
cell976,EX2
cell977,EX3
cell978,EX1
cell979,EX2
cell980,EX3
cell981,EX1
cell982,EX3
cell983,EX3
cell984,EX1
cell985,EX2
cell986,EX3
cell987,EX1
cell988,EX3
cell989,EX3
cell990,EX3
cell991,EX3
cell992,EX2
cell993,EX1
cell994,EX3
cell995,EX2
cell996,EX1
cell997,EX3
cell998,EX3
cell999,EX1
cell1000,EX3
cell1001,EX2
cell1002,EX2
cell1003,EX2
cell1004,EX3
cell1005,EX3
cell1006,EX3
cell1007,EX3
cell1008,EX3
cell1009,EX3
cell1010,EX1
cell1011,EX1
cell1012,EX2
cell1013,EX2
cell1014,EX1
cell1015,EX1
cell1016,EX3
cell1017,EX3
cell1018,EX2
cell1019,EX1
cell1020,EX3
cell1021,EX3
cell1022,EX1
cell1023,EX3
cell1024,EX2
cell1025,EX3
cell1026,EX3
cell1027,EX3
cell1028,EX3
cell1029,EX1
cell1030,EX1
cell1031,EX2
cell1032,EX3
cell1033,EX3
cell1034,EX3
cell1035,EX3
cell1036,EX2
cell1037,EX3
cell1038,EX2
cell1039,EX2
cell1040,EX1
cell1041,EX3
cell1042,EX3
cell1043,EX3
cell1044,EX3
cell1045,EX3
cell1046,EX3
cell1047,EX1
cell1048,EX1
cell1049,EX3
cell1050,EX3
cell1051,EX3
cell1052,EX3
cell1053,EX3
cell1054,OC
cell1055,EX3
cell1056,EX2
cell1057,EX1
cell1058,IN1
cell1059,EX3
cell1060,OC
cell1061,EX3
cell1062,EX3
cell1063,EX2
cell1064,EX3
cell1065,EX2
cell1066,EX3
cell1067,EX3
cell1068,EX1
cell1069,EX2
cell1070,EX3
cell1071,EX3
cell1072,EX3
cell1073,EX2
cell1074,EX3
cell1075,EX3
cell1076,EX1
cell1077,EX3
cell1078,EX3
cell1079,EX3
cell1080,EX1
cell1081,EX3
cell1082,EX3
cell1083,EX2
cell1084,EX3
cell1085,EX1
cell1086,EX1
cell1087,EX3
cell1088,EX3
cell1089,EX3
cell1090,EX3
cell1091,AC
cell1092,EX3
cell1093,EX2
cell1094,EX3
cell1095,EX1
cell1096,EX3
cell1097,EX1
cell1098,EX3
cell1099,EX1
cell1100,EX2
cell1101,EX3
cell1102,EX2
cell1103,EX3
cell1104,EX3
cell1105,EX3
cell1106,EX3
cell1107,EX2
cell1108,EX1
cell1109,EX3
cell1110,EX3
cell1111,EX3
cell1112,EX3
cell1113,EX3
cell1114,EX3
cell1115,EX3
cell1116,EX3
cell1117,EX3
cell1118,EX3
cell1119,EX3
cell1120,EX3
cell1121,EX3
cell1122,EX1
cell1123,EX3
cell1124,EX1
cell1125,EX3
cell1126,EX3
cell1127,EX2
cell1128,EX3
cell1129,EX1
cell1130,EX3
cell1131,EX3
cell1132,EX3
cell1133,EX3
cell1134,EX3
cell1135,EX3
cell1136,EX3
cell1137,EX3
cell1138,EX3
cell1139,EX3
cell1140,EX3
cell1141,EX3
cell1142,EX3
cell1143,EX3
cell1144,EX1
cell1145,EX3
cell1146,EX3
cell1147,EX1
cell1148,EX3
cell1149,EX3
cell1150,EX3
cell1151,EX3
cell1152,EX2
cell1153,EX3
cell1154,EX2
cell1155,EX2
cell1156,EX3
cell1157,EX3
cell1158,EX3
cell1159,EX3
cell1160,EX3
cell1161,AC
cell1162,EX2
cell1163,EX3
cell1164,EX3
cell1165,EX3
cell1166,EX3
cell1167,EX2
cell1168,EX3
cell1169,EX3
cell1170,EX3
cell1171,EX1
cell1172,EX3
cell1173,EX1
cell1174,EX3
cell1175,EX3
cell1176,EX3
cell1177,EX3
cell1178,EX1
cell1179,EX1
cell1180,EX3
cell1181,EX3
cell1182,EX3
cell1183,EX3
cell1184,EX3
cell1185,EX2
cell1186,EX3
cell1187,EX3
cell1188,EX3
cell1189,EX3
cell1190,EX3
cell1191,EX1
cell1192,EX3
cell1193,EX3
cell1194,EX3
cell1195,IN1
cell1196,IN1
cell1197,IN1
cell1198,IN1
cell1199,IN1
cell1200,IN1
cell1201,IN1
cell1202,IN1
cell1203,IN1
cell1204,IN1
cell1205,IN1
cell1206,IN1
cell1207,IN1
cell1208,IN1
cell1209,IN1
cell1210,IN1
cell1211,IN1
cell1212,IN1
cell1213,IN1
cell1214,IN1
cell1215,IN1
cell1216,IN1
cell1217,IN1
cell1218,IN1
cell1219,IN1
cell1220,IN1
cell1221,IN1
cell1222,IN1
cell1223,IN1
cell1224,IN1
cell1225,IN1
cell1226,IN1
cell1227,IN1
cell1228,EX1
cell1229,IN1
cell1230,IN1
cell1231,IN1
cell1232,IN1
cell1233,IN1
cell1234,IN1
cell1235,IN1
cell1236,IN1
cell1237,IN1
cell1238,IN1
cell1239,IN1
cell1240,IN1
cell1241,IN1
cell1242,IN1
cell1243,IN1
cell1244,IN1
cell1245,IN1
cell1246,IN1
cell1247,IN1
cell1248,IN1
cell1249,IN1
cell1250,IN1
cell1251,OC
cell1252,IN1
cell1253,IN1
cell1254,IN1
cell1255,IN1
cell1256,IN1
cell1257,IN1
cell1258,IN1
cell1259,IN1
cell1260,IN1
cell1261,IN1
cell1262,MG
cell1263,IN1
cell1264,IN1
cell1265,IN1
cell1266,IN1
cell1267,IN1
cell1268,IN1
cell1269,IN1
cell1270,IN1
cell1271,IN1
cell1272,IN1
cell1273,IN1
cell1274,IN1
cell1275,IN1
cell1276,IN1
cell1277,IN1
cell1278,IN1
cell1279,IN1
cell1280,IN1
cell1281,IN1
cell1282,IN1
cell1283,IN1
cell1284,IN1
cell1285,AC
cell1286,IN1
cell1287,IN1
cell1288,IN1
cell1289,IN1
cell1290,IN1
cell1291,IN1
cell1292,IN1
cell1293,IN1
cell1294,IN1
cell1295,IN1
cell1296,IN1
cell1297,IN1
cell1298,OC
cell1299,IN1
cell1300,IN1
cell1301,IN1
cell1302,IN1
cell1303,IN1
cell1304,IN1
cell1305,IN1
cell1306,IN1
cell1307,IN1
cell1308,IN1
cell1309,IN1
cell1310,IN1
cell1311,IN1
cell1312,IN1
cell1313,IN1
cell1314,IN1
cell1315,IN1
cell1316,IN1
cell1317,EX1
cell1318,IN1
cell1319,IN1
cell1320,IN1
cell1321,EX1
cell1322,EX1
cell1323,OC
cell1324,IN1
cell1325,IN1
cell1326,IN2
cell1327,IN1
cell1328,IN1
cell1329,IN1
cell1330,IN1
cell1331,IN1
cell1332,EX3
cell1333,IN1
cell1334,IN1
cell1335,EX1
cell1336,IN1
cell1337,IN1
cell1338,IN1
cell1339,OC
cell1340,IN1
cell1341,IN1
cell1342,IN1
cell1343,IN1
cell1344,EX1
cell1345,IN1
cell1346,IN1
cell1347,IN1
cell1348,IN2
cell1349,EX1
cell1350,IN1
cell1351,IN1
cell1352,EX2
cell1353,IN1
cell1354,IN1
cell1355,IN1
cell1356,IN1
cell1357,OC
cell1358,IN1
cell1359,IN1
cell1360,IN1
cell1361,IN1
cell1362,IN1
cell1363,IN1
cell1364,IN1
cell1365,IN1
cell1366,IN1
cell1367,IN1
cell1368,IN1
cell1369,EX1
cell1370,IN1
cell1371,IN1
cell1372,IN1
cell1373,IN1
cell1374,EX2
cell1375,IN2
cell1376,IN1
cell1377,IN1
cell1378,IN1
cell1379,IN1
cell1380,IN1
cell1381,IN1
cell1382,IN1
cell1383,IN1
cell1384,IN1
cell1385,IN1
cell1386,IN2
cell1387,IN1
cell1388,IN1
cell1389,EX1
cell1390,IN2
cell1391,IN2
cell1392,AC
cell1393,IN2
cell1394,AC
cell1395,IN2
cell1396,IN2
cell1397,AC
cell1398,IN2
cell1399,IN2
cell1400,AC
cell1401,IN2
cell1402,IN2
cell1403,AC
cell1404,IN2
cell1405,IN2
cell1406,IN2
cell1407,IN2
cell1408,IN2
cell1409,IN2
cell1410,AC
cell1411,IN2
cell1412,IN2
cell1413,IN2
cell1414,IN2
cell1415,IN2
cell1416,IN2
cell1417,IN2
cell1418,AC
cell1419,IN2
cell1420,IN2
cell1421,IN2
cell1422,IN2
cell1423,IN2
cell1424,IN2
cell1425,IN2
cell1426,IN2
cell1427,IN2
cell1428,IN2
cell1429,IN2
cell1430,IN2
cell1431,AC
cell1432,IN2
cell1433,AC
cell1434,IN2
cell1435,IN2
cell1436,IN2
cell1437,IN2
cell1438,IN2
cell1439,IN2
cell1440,IN2
cell1441,EX3
cell1442,IN2
cell1443,IN2
cell1444,IN2
cell1445,IN2
cell1446,IN2
cell1447,IN2
cell1448,IN2
cell1449,IN2
cell1450,IN2
cell1451,IN2
cell1452,IN2
cell1453,IN2
cell1454,IN2
cell1455,IN2
cell1456,IN2
cell1457,AC
cell1458,IN2
cell1459,IN1
cell1460,IN2
cell1461,AC
cell1462,AC
cell1463,EX1
cell1464,IN2
cell1465,IN2
cell1466,IN2
cell1467,OC
cell1468,IN2
cell1469,IN2
cell1470,IN2
cell1471,IN2
cell1472,IN2
cell1473,IN2
cell1474,IN2
cell1475,IN2
cell1476,IN2
cell1477,IN2
cell1478,IN2
cell1479,MG
cell1480,IN2
cell1481,IN2
cell1482,IN2
cell1483,AC
cell1484,IN2
cell1485,IN2
cell1486,IN2
cell1487,IN2
cell1488,IN2
cell1489,IN2
cell1490,IN2
cell1491,EX3
cell1492,IN2
cell1493,IN2
cell1494,IN2
cell1495,EX1
cell1496,IN2
cell1497,EX1
cell1498,IN2
cell1499,IN2
cell1500,IN2
cell1501,IN2
cell1502,IN2
cell1503,AC
cell1504,IN2
cell1505,IN2
cell1506,IN2
cell1507,IN2
cell1508,IN2
cell1509,IN2
cell1510,IN2
cell1511,IN2
cell1512,IN2
cell1513,AC
cell1514,IN2
cell1515,EX2
cell1516,IN2
cell1517,IN2
cell1518,IN2
cell1519,IN2
cell1520,IN2
cell1521,IN2
cell1522,EX2
cell1523,IN2
cell1524,IN2
cell1525,AC
cell1526,IN2
cell1527,IN2
cell1528,IN2
cell1529,IN2
cell1530,IN2
cell1531,IN2
cell1532,IN2
cell1533,IN2
cell1534,IN2
cell1535,IN2
cell1536,IN2
cell1537,IN2
cell1538,IN2
cell1539,AC
cell1540,IN2
cell1541,IN2
cell1542,IN2
cell1543,IN2
cell1544,AC
cell1545,AC
cell1546,AC
cell1547,IN2
cell1548,IN2
cell1549,IN2
cell1550,IN2
cell1551,IN2
cell1552,IN2
cell1553,EX2
cell1554,MG
cell1555,IN2
cell1556,IN2
cell1557,IN2
cell1558,EX2
cell1559,IN2
cell1560,IN2
cell1561,IN2
cell1562,IN2
cell1563,IN2
cell1564,IN2
cell1565,IN2
cell1566,IN2
cell1567,IN2
cell1568,IN2
cell1569,IN2
cell1570,IN2
cell1571,EX1
cell1572,IN2
cell1573,IN2
cell1574,IN2
cell1575,IN2
cell1576,IN2
cell1577,IN2
cell1578,IN2
cell1579,IN2
cell1580,IN2
cell1581,IN2
cell1582,IN2
cell1583,IN2
cell1584,IN2
cell1585,IN2
cell1586,IN2
cell1587,IN2
cell1588,IN2
cell1589,IN2
cell1590,AC
cell1591,IN2
cell1592,IN2
cell1593,IN2
cell1594,IN2
cell1595,IN2
cell1596,IN2
cell1597,IN2
cell1598,IN2
cell1599,IN2
cell1600,IN2
cell1601,AC
cell1602,IN2
cell1603,IN2
cell1604,IN2
cell1605,IN2
cell1606,AC
cell1607,IN2
cell1608,IN2
cell1609,EX2
cell1610,IN2
cell1611,OC
cell1612,AC
cell1613,IN2
cell1614,AC
cell1615,IN2
cell1616,IN2
cell1617,IN2
cell1618,IN2
cell1619,IN2
cell1620,IN2
cell1621,IN2
cell1622,IN1
cell1623,IN2
cell1624,IN2
cell1625,EX2
cell1626,IN2
cell1627,IN2
cell1628,IN2
cell1629,IN2
cell1630,EX1
cell1631,IN2
cell1632,IN2
cell1633,IN2
cell1634,IN2
cell1635,IN2
cell1636,IN2
cell1637,IN2
cell1638,IN2
cell1639,IN2
cell1640,IN2
cell1641,IN2
cell1642,IN2
cell1643,IN2
cell1644,IN2
cell1645,AC
cell1646,IN2
cell1647,IN2
cell1648,AC
cell1649,IN2
cell1650,IN2
cell1651,AC
cell1652,IN2
cell1653,IN2
cell1654,IN2
cell1655,IN2
cell1656,IN2
cell1657,IN2
cell1658,IN2
cell1659,EX2
cell1660,AC
cell1661,IN2
cell1662,OC
cell1663,IN2
cell1664,IN2
cell1665,AC
cell1666,IN2
cell1667,IN1
cell1668,IN2
cell1669,IN2
cell1670,IN2
cell1671,IN2
cell1672,IN1
cell1673,IN2
cell1674,IN2
cell1675,IN2
cell1676,IN2
cell1677,AC
cell1678,IN2
cell1679,OC
cell1680,IN2
cell1681,IN2
cell1682,IN2
cell1683,AC
cell1684,IN2
cell1685,IN1
cell1686,IN2
cell1687,EX2
cell1688,IN2
cell1689,IN2
cell1690,IN2
cell1691,IN2
cell1692,IN2
cell1693,IN2
cell1694,IN2
cell1695,IN2
cell1696,AC
cell1697,IN2
cell1698,IN2
cell1699,AC
cell1700,IN2
cell1701,IN2
cell1702,IN2
cell1703,IN2
cell1704,IN2
cell1705,IN2
cell1706,IN2
cell1707,IN2
cell1708,IN2
cell1709,IN2
cell1710,MG
cell1711,MG
cell1712,MG
cell1713,MG
cell1714,MG
cell1715,MG
cell1716,MG
cell1717,MG
cell1718,MG
cell1719,OC
cell1720,MG
cell1721,MG
cell1722,MG
cell1723,MG
cell1724,MG
cell1725,MG
cell1726,MG
cell1727,EX2
cell1728,MG
cell1729,EX3
cell1730,MG
cell1731,EX3
cell1732,MG
cell1733,MG
cell1734,MG
cell1735,MG
cell1736,MG
cell1737,MG
cell1738,MG
cell1739,MG
cell1740,MG
cell1741,MG
cell1742,MG
cell1743,MG
cell1744,MG
cell1745,MG
cell1746,MG
cell1747,MG
cell1748,MG
cell1749,MG
cell1750,MG
cell1751,MG
cell1752,MG
cell1753,AC
cell1754,MG
cell1755,EX2
cell1756,MG
cell1757,MG
cell1758,MG
cell1759,EX2
cell1760,MG
cell1761,MG
cell1762,MG
cell1763,MG
cell1764,MG
cell1765,MG
cell1766,MG
cell1767,MG
cell1768,MG
cell1769,MG
cell1770,MG
cell1771,MG
cell1772,AC
cell1773,MG
cell1774,MG
cell1775,MG
cell1776,MG
cell1777,MG
cell1778,MG
cell1779,MG
cell1780,MG
cell1781,OC
cell1782,MG
cell1783,MG
cell1784,MG
cell1785,MG
cell1786,MG
cell1787,MG
cell1788,MG
cell1789,MG
cell1790,MG
cell1791,MG
cell1792,MG
cell1793,MG
cell1794,MG
cell1795,MG
cell1796,MG
cell1797,MG
cell1798,MG
cell1799,MG
cell1800,IN1
cell1801,MG
cell1802,MG
cell1803,EX3
cell1804,MG
cell1805,MG
cell1806,MG
cell1807,MG
cell1808,MG
cell1809,MG
cell1810,MG
cell1811,MG
cell1812,MG
cell1813,MG
cell1814,MG
cell1815,MG
cell1816,MG
cell1817,MG
cell1818,MG
cell1819,MG
cell1820,MG
cell1821,MG
cell1822,MG
cell1823,AC
cell1824,MG
cell1825,EX2
cell1826,MG
cell1827,MG
cell1828,MG
cell1829,MG
cell1830,MG
cell1831,MG
cell1832,MG
cell1833,MG
cell1834,MG
cell1835,MG
cell1836,OC
cell1837,OC
cell1838,OC
cell1839,OC
cell1840,OC
cell1841,OC
cell1842,OC
cell1843,OC
cell1844,OC
cell1845,OC
cell1846,OC
cell1847,OC
cell1848,OC
cell1849,OC
cell1850,OC
cell1851,OC
cell1852,OC
cell1853,OC
cell1854,OC
cell1855,OC
cell1856,OC
cell1857,OC
cell1858,OC
cell1859,OC
cell1860,OC
cell1861,OC
cell1862,OC
cell1863,OC
cell1864,OC
cell1865,OC
cell1866,OC
cell1867,OC
cell1868,OC
cell1869,OC
cell1870,OC
cell1871,OC
cell1872,OC
cell1873,OC
cell1874,OC
cell1875,OC
cell1876,OC
cell1877,OC
cell1878,OC
cell1879,OC
cell1880,OC
cell1881,OC
cell1882,OC
cell1883,OC
cell1884,OC
cell1885,OC
cell1886,OC
cell1887,OC
cell1888,OC
cell1889,OC
cell1890,OC
cell1891,OC
cell1892,OC
cell1893,OC
cell1894,OC
cell1895,OC
cell1896,OC
cell1897,OC
cell1898,OC
cell1899,OC
cell1900,OC
cell1901,OC
cell1902,OC
cell1903,OC
cell1904,OC
cell1905,OC
cell1906,OC
cell1907,OC
cell1908,OC
cell1909,OC
cell1910,OC
cell1911,OC
cell1912,OC
cell1913,OC
cell1914,OC
cell1915,OC
cell1916,OC
cell1917,OC
cell1918,OC
cell1919,OC
cell1920,OC
cell1921,OC
cell1922,OC
cell1923,OC
cell1924,OC
cell1925,OC
cell1926,OC
cell1927,OC
cell1928,OC
cell1929,OC
cell1930,OC
cell1931,OC
cell1932,OC
cell1933,OC
cell1934,OC
cell1935,OC
cell1936,OC
cell1937,OC
cell1938,OC
cell1939,OC
cell1940,OC
cell1941,OC
cell1942,OC
cell1943,OC
cell1944,OC
cell1945,OC
cell1946,OC
cell1947,OC
cell1948,OC
cell1949,OC
cell1950,OC
cell1951,OC
cell1952,OC
cell1953,OC
cell1954,OC
cell1955,OC
cell1956,OC
cell1957,OC
cell1958,OC
cell1959,OC
cell1960,IN2
cell1961,OC
cell1962,OC
cell1963,OC
cell1964,OC
cell1965,OC
cell1966,OC
cell1967,OC
cell1968,OC
cell1969,OC
cell1970,OC
cell1971,OC
cell1972,OC
cell1973,OC
cell1974,OC
cell1975,OC
cell1976,OC
cell1977,OC
cell1978,OC
cell1979,OC
cell1980,OC
cell1981,OC
cell1982,OC
cell1983,OC
cell1984,OC
cell1985,OC
cell1986,OC
cell1987,OC
cell1988,OC
cell1989,OC
cell1990,OC
cell1991,OC
cell1992,OC
cell1993,OC
cell1994,OC
cell1995,OC
cell1996,OC
cell1997,OC
cell1998,OC
cell1999,OC
cell2000,OC
cell2001,OC
cell2002,OC
cell2003,OC
cell2004,OC
cell2005,OC
cell2006,OC
cell2007,OC
cell2008,OC
cell2009,OC
cell2010,OC
cell2011,OC
cell2012,OC
cell2013,OC
cell2014,OC
cell2015,OC
cell2016,OC
cell2017,OC
cell2018,OC
cell2019,OC
cell2020,OC
cell2021,OC
cell2022,OC
cell2023,OC
cell2024,OC
cell2025,OC
cell2026,OC
cell2027,OC
cell2028,OC
cell2029,OC
cell2030,OC
cell2031,OC
cell2032,AC
cell2033,OC
cell2034,OC
cell2035,OC
cell2036,OC
cell2037,OC
cell2038,OC
cell2039,OC
cell2040,OC
cell2041,OC
cell2042,OC
cell2043,OC
cell2044,OC
cell2045,OC
cell2046,OC
cell2047,OC
cell2048,OC
cell2049,OC
cell2050,OC
cell2051,OC
cell2052,OC
cell2053,OC
cell2054,OC
cell2055,OC
cell2056,OC
cell2057,OC
cell2058,OC
cell2059,OC
cell2060,OC
cell2061,OC
cell2062,OC
cell2063,OC
cell2064,OC
cell2065,OC
cell2066,OC
cell2067,OC
cell2068,OC
cell2069,OC
cell2070,OC
cell2071,OC
cell2072,OC
cell2073,OC
cell2074,OC
cell2075,OC
cell2076,OC
cell2077,OC
cell2078,OC
cell2079,OC
cell2080,OC
cell2081,OC
cell2082,OC
cell2083,OC
cell2084,OC
cell2085,OC
cell2086,OC
cell2087,OC
